{
    "ndk_module_path" :[
        "${COCOS_FRAMEWORKS}/cocos2d-x-3.8",
        "${COCOS_FRAMEWORKS}/cocos2d-x-3.8/cocos/",
        "${COCOS_FRAMEWORKS}/cocos2d-x-3.8/external",
        "${COCOS_FRAMEWORKS}/cocos2d-x-3.8/cocos/scripting"
    ],
    "copy_resources": [
        {
            "from": "../../../src",
            "to": "src"
        },
        {
            "from": "../../../res",
            "to": "res"
        }
    ],
    "must_copy_resources": [
        {
            "from": "../../../config.json",
            "to": ""
        }
    ]
}
